{"train_elbo":-97.19268135712525,"val_elbo_final":-98.21309603271484,"_step":50,"_timestamp":1.76847499823746e+09,"epoch":49,"_wandb":{"runtime":388},"_runtime":388,"val_elbo":-98.27506342773438,"generated_samples":{"size":4258,"path":"media/images/generated_samples_50_4af536c615c1581d9b3a.png","format":"png","width":224,"height":224,"caption":"T=3 layers","_type":"image-file","sha256":"4af536c615c1581d9b3afddc8522c77498fb147f7a452a8da3763db071579e06"},"kl_warmup_factor":1}