{"_runtime":9,"task_1.4_val_iwae_K10":-90.36202185058593,"task_1.4_val_iwae_K100":-88.95824964599609,"_step":3,"task_1.4_val_elbo":-93.7300089477539,"task_1.4_generated_samples":{"path":"media/images/task_1.4_generated_samples_3_db434f7028b695738d0e.png","format":"png","width":224,"height":224,"caption":"T=3 | ELBO=-93.730 | IWAE(K=50)=-89.228","_type":"image-file","sha256":"db434f7028b695738d0e03486e54d21b9ba743d13cb9c5cbcee101c2c68079ae","size":4353},"task_1.4_val_iwae_report":-89.22799372558593,"task_1.4_val_iwae_K50":-89.22799372558593,"_timestamp":1.768517229787255e+09,"task_1.4_iwae_elbo_gap":4.5020152221679695,"_wandb":{"runtime":9}}