{"val_elbo":-112.78008768310546,"task_1.3_final_val_elbo":-112.51736239013673,"kl_warmup_factor":1,"task_1.3_warmup_epochs":10,"_runtime":390,"_timestamp":1.768392496603074e+09,"epoch":49,"train_elbo":-99.22811483222748,"best_val_elbo":-112.51736239013673,"task_1.3_generated_samples":{"caption":"T=3, epochs=50","_type":"image-file","sha256":"6e50aec1cee477037a63353b49cf0af04ef99ccc11341039ffbc36a689c2cc48","size":4647,"path":"media/images/task_1.3_generated_samples_50_6e50aec1cee477037a63.png","format":"png","width":224,"height":224},"_wandb":{"runtime":390},"task_1.3_total_epochs":50,"_step":50}