{"epoch":99,"task_1.3_total_epochs":100,"val_elbo":-121.528994140625,"train_elbo":-92.63830766053957,"_runtime":806,"best_val_elbo":-121.17802314453125,"_timestamp":1.768473305034236e+09,"_step":100,"learning_rate":9.375e-06,"kl_warmup_factor":1,"_wandb":{"runtime":806},"task_1.3_final_val_elbo":-121.17802314453125,"task_1.3_warmup_epochs":15,"task_1.3_generated_samples":{"path":"media/images/task_1.3_generated_samples_100_12636b3a32ec03de71e0.png","format":"png","width":224,"height":224,"caption":"T=3, epochs=100","_type":"image-file","sha256":"12636b3a32ec03de71e0fe49f97018aed31c2726f1325c4611bb90c365dac6e4","size":4333}}