{"_wandb":{"runtime":3},"task_1.4_val_elbo":-93.78764879150391,"_step":3,"K":50,"task_1.4_iwae_elbo_gap":4.551897998046883,"task_1.4_generated_samples":{"format":"png","width":224,"height":224,"caption":"T=3, IWAE=-89.236","_type":"image-file","sha256":"6b2fc28a27ed8cea7feb36a284fcf5b91b59a0e635bc3fb0ae7d9d927db8d8f5","size":4422,"path":"media/images/task_1.4_generated_samples_3_6b2fc28a27ed8cea7feb.png"},"_runtime":3,"val_iwae_K10":-90.2467721923828,"val_iwae_K50":-89.23575079345703,"task_1.4_val_iwae_K50":-89.23575079345703,"_timestamp":1.7684860788424478e+09,"task_1.4_val_iwae_K10":-90.2467721923828}