{"_runtime":110,"_wandb":{"runtime":110},"train_elbo":-114.56706180750767,"kl_warmup_factor":1,"epoch":9,"_timestamp":1.768378543876092e+09,"val_elbo_final":-114.3793296875,"_step":10,"val_elbo":-114.7786384765625,"generated_samples":{"format":"png","width":224,"height":224,"caption":"T=5 layers","_type":"image-file","sha256":"8a8aff1be8bd5c5e6b8398e6693ec42534a0abfdb3cb859666af162f4082b0ae","size":5028,"path":"media/images/generated_samples_10_8a8aff1be8bd5c5e6b83.png"}}