{"_step":3,"val_iwae_K10":-90.29565224609375,"_timestamp":1.7684858608090692e+09,"task_1.4_val_iwae_K10":-90.29565224609375,"task_1.4_iwae_elbo_gap":4.517679980468756,"task_1.4_generated_samples":{"size":4330,"path":"media/images/task_1.4_generated_samples_3_48a009e7e954a97b444f.png","format":"png","width":224,"height":224,"caption":"T=3, IWAE=-89.245","_type":"image-file","sha256":"48a009e7e954a97b444f9bdf959f19e008ac125c2003715b453215a4f7176164"},"_wandb":{"runtime":5},"K":50,"task_1.4_val_iwae_K50":-89.24484771728515,"val_iwae_K50":-89.24484771728515,"task_1.4_val_elbo":-93.76252769775391,"_runtime":5}