{"generated_samples":{"size":4679,"path":"media/images/generated_samples_10_e861338128d65fed74af.png","format":"png","width":224,"height":224,"caption":"T=2 layers","_type":"image-file","sha256":"e861338128d65fed74afa71b458b20e719ea6daaa6b14838f999ede82c61c56f"},"_timestamp":1.768377968607563e+09,"_wandb":{"runtime":60},"val_elbo":-103.14216918945313,"val_elbo_final":-103.21759244384765,"kl_warmup_factor":1,"epoch":9,"train_elbo":-102.6683438381302,"_runtime":60,"_step":10}