{"_runtime":761,"epoch":99,"_wandb":{"runtime":761},"val_elbo":-93.84976455078125,"val_elbo_final":-93.69266784667968,"_timestamp":1.768483310358769e+09,"generated_samples":{"width":224,"height":224,"caption":"T=3 layers","_type":"image-file","sha256":"95917a1617d00aa545dbc7a4c6098ebf883bf658cf1827e714497fe671c51838","size":4460,"path":"media/images/generated_samples_100_95917a1617d00aa545db.png","format":"png"},"kl_warmup_factor":1,"_step":100,"train_elbo":-92.45882230384328}