{"_step":100,"val_elbo":-128.0392091796875,"task_1.3_final_val_elbo":-120.22328060302735,"train_elbo":-91.95636257278585,"task_1.3_total_epochs":100,"_wandb":{"runtime":750},"best_val_elbo":-120.22328060302735,"task_1.3_warmup_epochs":15,"task_1.3_generated_samples":{"format":"png","width":224,"height":224,"caption":"T=3, epochs=100","_type":"image-file","sha256":"90f3d4358e13c3b5d3fb6cfb0d0f6ffb44318dccdd62cf1155f05bbe869e0112","size":4426,"path":"media/images/task_1.3_generated_samples_100_90f3d4358e13c3b5d3fb.png"},"epoch":99,"kl_warmup_factor":1,"_timestamp":1.7684722089319801e+09,"_runtime":750}