{"_runtime":387,"_timestamp":1.768481025293173e+09,"val_elbo_final":-97.62817785644532,"_step":50,"generated_samples":{"width":224,"height":224,"caption":"T=3 layers","_type":"image-file","sha256":"1604abd57cc6506b9918ce147d90b4749c6a4178c13d94476093df26f67c2075","size":4484,"path":"media/images/generated_samples_50_1604abd57cc6506b9918.png","format":"png"},"epoch":49,"train_elbo":-96.79942211258077,"val_elbo":-97.78906977539063,"_wandb":{"runtime":387},"kl_warmup_factor":1}