{"val_elbo":-90.97827155761719,"kl_warmup_factor":1,"train_elbo":-89.25482327470155,"_timestamp":1.768566139725482e+09,"val_elbo_final":-91.01020184326173,"epoch":99,"_wandb":{"runtime":748},"_runtime":748,"_step":100,"generated_samples":{"caption":"T=3 layers","_type":"image-file","sha256":"511b556189c3956965c03edf5fa40fc0c4a7e173545d2762643a141011ef92f6","size":4177,"path":"media/images/generated_samples_100_511b556189c3956965c0.png","format":"png","width":224,"height":224}}