{"epoch":9,"train_elbo":-103.66874085185684,"val_elbo_final":-103.83207707519531,"_runtime":80,"val_elbo":-103.74612147216797,"_step":10,"_wandb":{"runtime":80},"kl_warmup_factor":1,"_timestamp":1.7683780660476139e+09,"generated_samples":{"caption":"T=3 layers","_type":"image-file","sha256":"bb87cc431065415cf3ed3ac277fc12b4f3c69cf63ac54ffe2b034229561a954a","size":4688,"path":"media/images/generated_samples_10_bb87cc431065415cf3ed.png","format":"png","width":224,"height":224}}