{"_wandb":{"runtime":117},"kl_warmup_factor":1,"train_elbo":-115.50947021769586,"_runtime":117,"epoch":9,"_timestamp":1.768379052058754e+09,"generated_samples":{"height":224,"caption":"T=6 layers","_type":"image-file","sha256":"c75cc365f38965479cc7a7b536ae7403013839bbd3339f3e780b2710f217bfbe","size":4950,"path":"media/images/generated_samples_10_c75cc365f38965479cc7.png","format":"png","width":224},"val_elbo":-115.56730334472657,"_step":10,"val_elbo_final":-115.52169333496094}