{"_step":50,"val_elbo_final":-98.17347735595703,"_wandb":{"runtime":386},"kl_warmup_factor":1,"_runtime":386,"train_elbo":-96.82354208687755,"epoch":49,"val_elbo":-98.27397961425781,"generated_samples":{"format":"png","width":224,"height":224,"caption":"T=3 layers","_type":"image-file","sha256":"ceb5e6cda78b2868d605a7ca45bf20eb2f5a16f0ac7205a3eefaaf9822c84611","size":4345,"path":"media/images/generated_samples_50_ceb5e6cda78b2868d605.png"},"_timestamp":1.768482528080702e+09}