{"_timestamp":1.768470849515085e+09,"_wandb":{"runtime":433},"kl_warmup_factor":1,"_step":50,"train_elbo":-98.66757626399816,"task_1.3_generated_samples":{"width":224,"height":224,"caption":"T=3, epochs=50","_type":"image-file","sha256":"ea43fccd9132719af7f3c22d994b7e462c640d4ff1c0c94567c37c5ab53ffa4f","size":4624,"path":"media/images/task_1.3_generated_samples_50_ea43fccd9132719af7f3.png","format":"png"},"task_1.3_final_val_elbo":-115.24086192626953,"task_1.3_warmup_epochs":20,"_runtime":433,"val_elbo":-115.24086192626953,"best_val_elbo":-115.24086192626953,"epoch":49,"task_1.3_total_epochs":50}