{"_runtime":776,"_step":100,"kl_warmup_factor":1,"_wandb":{"runtime":776},"_timestamp":1.7684818897059891e+09,"val_elbo_final":-93.65572905273437,"generated_samples":{"path":"media/images/generated_samples_100_8956a305afe35eeb5f45.png","format":"png","width":224,"height":224,"caption":"T=3 layers","_type":"image-file","sha256":"8956a305afe35eeb5f45fcd939e574a9902982808407664309a2034a3de882fb","size":4307},"train_elbo":-92.3220410569806,"val_elbo":-93.82207829589844,"epoch":99}