{"epoch":9,"kl_warmup_factor":1,"_runtime":44,"_wandb":{"runtime":44},"train_elbo":-105.10330710009994,"_timestamp":1.768377865976846e+09,"generated_samples":{"caption":"T=1 layers","_type":"image-file","sha256":"c037e3e448e2796b24fa18a246cd853f12d3ec2c7714e25e92ae4dec7b197337","size":4665,"path":"media/images/generated_samples_10_c037e3e448e2796b24fa.png","format":"png","width":224,"height":224},"_step":10,"val_elbo":-105.7819564453125,"val_elbo_final":-105.74942556152344}