{"epoch":99,"_wandb":{"runtime":752},"_runtime":752,"_step":100,"generated_samples":{"caption":"T=3 layers","_type":"image-file","sha256":"86ab7e294f57deab082a2e46fdc66da1126d3f0817a004725ed3c6180e300d17","size":4514,"path":"media/images/generated_samples_100_86ab7e294f57deab082a.png","format":"png","width":224,"height":224},"val_elbo":-93.66396837158203,"kl_warmup_factor":1,"val_elbo_final":-93.65863510742187,"_timestamp":1.768479361150501e+09,"train_elbo":-92.39500559156185}