{"_runtime":90,"val_elbo":-115.41690876464844,"kl_warmup_factor":1,"generated_samples":{"_type":"image-file","sha256":"7c0b9d56d419f07d9b9d1bd23affffefed2349885af94bb55335c84c48def15f","size":4652,"path":"media/images/generated_samples_10_7c0b9d56d419f07d9b9d.png","format":"png","width":224,"height":224,"caption":"T=4 layers"},"_timestamp":1.768378254855443e+09,"_step":10,"epoch":9,"train_elbo":-115.34427689169055,"val_elbo_final":-115.29272742919922,"_wandb":{"runtime":90}}